<?xml version="1.0" encoding="UTF-8"?>

<mule xmlns:http="http://www.mulesoft.org/schema/mule/http"
	xmlns="http://www.mulesoft.org/schema/mule/core" xmlns:doc="http://www.mulesoft.org/schema/mule/documentation"
	xmlns:spring="http://www.springframework.org/schema/beans" 
	xmlns:xsi="http://www.w3.org/2001/XMLSchema-instance"
	xsi:schemaLocation="http://www.mulesoft.org/schema/mule/http http://www.mulesoft.org/schema/mule/http/current/mule-http.xsd
http://www.springframework.org/schema/beans http://www.springframework.org/schema/beans/spring-beans-current.xsd
http://www.mulesoft.org/schema/mule/core http://www.mulesoft.org/schema/mule/core/current/mule.xsd">
    <flow name="get:/getClientAccountDetails:ea-accelerator-accountFlow">
    	<logger message="Inside account flow #[message]" level="WARN" doc:name="Logger"/>
		
        <flow-ref name="copyRqstParams-subFlow" doc:name="copy-subFlow"/>
        
        <logger message="Before calling pa" level="WARN" doc:name="Logger"/>
        <http:request config-ref="ACCOUNT_HTTP_Request_Configurationn" path="/account/client/#[flowVars.clientId]" method="GET" doc:name="HTTP" > 
			<!-- <http:request-builder>
                <http:uri-param value="#[flowVars.clientId]" paramName="clientId"/>
        	</http:request-builder> -->
        </http:request>
    </flow>
</mule>
