[  
   {  
      "accountId":"1",
      "accountType":"Funding",
      "status":"ACTIVE",
      "clientDetails":{  
         "clientId":"C01",
         "username":"User1",
         "emailId":"user1@gmail.com",
         "password":"password1"
      },
      "creationDate":"2019-06-04",
      "currency":"GBP",
      "currencyDecimals":"2",
      "assetTypes":"Cash"
   },
   {  
      "accountId":"2",
      "accountType":"Interest",
      "status":"ACTIVE",
      "clientDetails":{  
         "clientId":"C01",
         "username":"User1",
         "emailId":"user1@gmail.com",
         "password":"password1"
      },
      "creationDate":"2019-06-04",
      "currency":"USD",
      "currencyDecimals":"2",
      "assetTypes":"Bond"
   },
   {  
      "accountId":"3",
      "accountType":"Commission",
      "status":"ACTIVE",
      "clientDetails":{  
         "clientId":"C01",
         "username":"User1",
         "emailId":"user1@gmail.com",
         "password":"password1"
      },
      "creationDate":"2019-06-04",
      "currency":"EUR",
      "currencyDecimals":"2",
      "assetTypes":"FuturesOption"
   }
]